{"cameraMode":{"drawMode":0,"name":"Shaded","section":"Shading Mode"},"sceneLighting":true,"audioPlay":false,"sceneViewState":{"m_AlwaysRefresh":false,"showFog":true,"showSkybox":true,"showFlares":true,"showImageEffects":true,"showParticleSystems":true,"showVisualEffectGraphs":true,"m_FxEnabled":true},"in2DMode":false,"pivot":{"x":0.3805413544178009,"y":0.8495297431945801,"z":-0.7433976531028748},"rotation":{"x":-0.17024698853492738,"y":-0.05112443119287491,"z":0.008824405260384083,"w":-0.9840555787086487},"size":2.0838043689727785,"orthographic":false}